고객회사명,주소지,위치
굿모닝서울,"송파구 잠실동 220",
"엘케이 상사","동작구 흑석 3동 140-3",
씨엔그룹,"가학동 301",경기도
"오리안무역 ","성북구 길음동 136-11",
남해종합식품,"수택동 435",경기도
서보앰엔에프,"동작구 대방동 36-8",
"대정 인터내셔널","서초구 방배동 883-11",
제원인터내쇼날,"서대문구 남가좌 1동 121",
케이리할리스,"구산동 17-111",경상남도
비큐큐푸드,"서초구 서초동 120-3",
진가식품,"비전 1동 118-36",경기도
진산푸드,"구로구 오류 1동 101",
한승F&B,"구로구 가리봉 1동 22-1",
유로에이치,"서대문구 창천동 167-3",
"한국맥널트 무역","중구 답동 78",
유성물산교역,"강남구 대치동 315-11",
프루트코리아,"중구 광희동 1가 188-3",
"하이롱 식품","도봉구 미아 7동 334-7",
주은통상,"종로구 송현동 87-14",
경북무역,"종로구 와룡동 336",
그린로더스,"남동구 간석동 264-11",
와이지트레이드,"서초구 방배본동 102-3",
플라워푸드,"종로구 내자동 190-53",
에이원카프,"동구 신흥동 75-3",
"진산푸드 ","중구 남산동 3가 43",
엠앤에스푸드,"서구가좌 1동 7",
보성허브,"마포구 동교동 211-11",
"태원 산업","가장동 78-3",경상북도
"이베르코 무역","용산구 용문동 81-3",
경민코퍼레이션,"송파구 마천동 120",
대화유피스,"마포구 대흥동 77-5",
인터비스,"서구 연희동 400-16",
시드니식품,"덕진구 고랑동 290",전라북도
"선인 상사","생연 1동 416-1",경기도
한영킹푸드,"동대문구 신설동 721-11",
성민식품상사,"중앙로 3가 150-1",강원도
조흥식품,"중구 광희동 1가 100-41",
"우양 통상","강남구 개포동 135-24",
상미식품,"도봉구 방학 3동 18",
"진흥 상사","부산진구 당감 3동 611-3",
"신영 푸드","양천구신월 3동 67-18",
세미원푸드,"남구 소사 3동 146",경기도
진영무역,"중앙동 427-10",경기도
태산무역,"부산진구 양정 1동 462-77",
태흥푸드,"용산구 동자동 181-7",
오뚜락,"건입동 111-16",제주도
"그린월드푸드 ","동구 자양동 34-16",
뉴서울제과,"외삼미동 123-8",경기도
"푸드웰 통상","마포구 공덕 1동 81",
"헤리토 상사","노원구 공릉동 178",
"시대 통상","권선구 세류 3동 116",경기도
진해푸드,"강동구 성내동 143",
보라티,"중구 원미 1동 120-16",경기도
"민성 무역","용산구 갈월동 116-7",
청운유통,"강제동 57-11",충청북도
쉐프스푸드,"강서구 화곡 1동 77-3",
코리아유통,"강서구 오쇠동 124-7",
신푸드,"고잔동 16",경기도
대두식품,"도봉구 창 1동 218-16",
대덕종합무역,"동작구 신대방동 10-6",
케이티에스씨,"동구 범일 3동 14-1",
지앤씨푸드,"동작구 노량진 1동 71",
은혜식품,"소하동 11-3",경기도
솜인터내셔널,"중구 도원동 507-16",
"코스리아 무역","남동구 간석 3동 270-8",
한지생활건강,"서대문구 미근동 11-7",
한얼트레이딩,"영등포구 당산동 3가 16",
태화농산,"강남구 청담동 115",
프라하바이오,"서대문구 북아현 3동 36-6",
엘에이플러스,"남구 연수동 208-16",
황인터프라이시스,"용산구서빙고동 111-16",
"시아 통상","경현동 160",전라남도
원양물산,"종로구 송월동 101",
탑푸드코리아,"서구 도마동 110-6",
대림에스엠,"갈현동 232-8",경기도
뉴가든상사,"금정구 청룡동 168-14",
한림통상,"송파구 잠실본동 150",
국일식품,"야탑동 77",경기도
"지안 통상","양천구 신정 3동 241-16",
오트리푸드,"양천구 신정 1동 1041-21",
"대동 무역","동구 마산동 250-1",
오케이식품,"무릉동 171-3",충청남도
티알아이,"호계동 11",경기도
그린무역,"강서구 내발산동 318",
프레시코,"남동구 동춘동 78-6",경기도
허브민트,"은행동 425-12",경기도
컬러헬스푸드,"사하구 신평동 701-29",
해피트리푸드,"동작구 흑석동 220-12",
"금진 무역","강서구 등촌동 106-3",
"유호무역 ","태평 3동 120-1",경기도
코림푸드,"강정동 718-1",제주도
태성무역,"동대문구 전농 1동 742-3",
"길드 통상","학성동 18",강원도
